company_name,auditor_switch_date_raw,auditor_switch_date,auditor_switch_date_status,report_publication_date_raw,report_publication_date,report_publication_date_status,event_date_basis,event_date_raw,event_date,event_year,event_month,event_date_status,event_is_future,price_extraction_eligibility,old_auditor,new_auditor,from_big4,to_big4,switch_type,data_status,source_row_number,is_duplicate_company_event,stock_price_before_raw,stock_price_after_raw,reported_stock_change_raw,stock_price_before,stock_price_after,reported_stock_change,implied_return,reported_vs_implied_diff,price_consistency_flag,raw__unnamed_1,raw__חברה,raw__תאריך החלפה,raw__תאריך פרסום דוחות,raw__מחיר מניה לפני,raw__מחיר מניה אחרי,raw__שינוי באחוזים,raw__תשואת תיק השוק,raw__תשואה חריגה,raw__גודל החברה,raw__מעבר מbig4,raw__מעבר לbig4,raw__roe,raw__מינוף,raw__סך הנכסים,raw__הון עצמי,raw__רווח
אבו מגורים,16/11/2025,2025-11-16,OK,19/3/2026,2026-03-19,OK,auditor_switch_date,16/11/2025,2025-11-16,2025,11,OK,False,ELIGIBLE_FOR_PRICE_EXTRACTION,,,0,0,Small to Small,READY_FOR_TICKER_MAPPING,3,False,959.21,795.2,-0.170984456,959.21,795.2,-0.170984456,-0.17098445595854916,-4.1450842758194995e-11,CONSISTENT,1,אבו מגורים,16/11/2025,19/3/2026,959.21,795.2,-0.170984456,,,20.47,0,0,0.025,2.22,774500000,240600000,4540000
גלובל פיי-ש,19/02/2025,2025-02-19,OK,31/3/2025,2025-03-31,OK,auditor_switch_date,19/02/2025,2025-02-19,2025,2,OK,False,ELIGIBLE_FOR_PRICE_EXTRACTION,,,0,0,Small to Small,READY_FOR_TICKER_MAPPING,4,False,114.2,118,0.03327495622,114.2,118.0,0.03327495622,0.03327495621716281,2.8371888172173954e-12,CONSISTENT,2,גלובל פיי-ש,19/02/2025,31/3/2025,114.2,118,0.03327495622,,,16.71,0,0,0.046,0.62,18000000,11100000,510000
"אמיליה פיתוח )מ.עו.פ.( בע""מ",17/02/2026,2026-02-17,OK,30/3/2026,2026-03-30,OK,auditor_switch_date,17/02/2026,2026-02-17,2026,2,OK,False,ELIGIBLE_FOR_PRICE_EXTRACTION,,,0,0,Small to Small,READY_FOR_TICKER_MAPPING,5,False,,,#DIV/0!,,,,,,NOT_ENOUGH_DATA,3,"אמיליה פיתוח )מ.עו.פ.( בע""מ",17/02/2026,30/3/2026,,,#DIV/0!,,,22.19,0,0,0.097,1.77,4340000000,1570000000,151500000
"שדה נדל""ן",2024-05-03 00:00:00,2024-05-03,OK,31/3/2024,2024-03-31,OK,auditor_switch_date,2024-05-03 00:00:00,2024-05-03,2024,5,OK,False,ELIGIBLE_FOR_PRICE_EXTRACTION,,,0,0,Small to Small,READY_FOR_TICKER_MAPPING,6,False,226,202,-0.1061946903,226.0,202.0,-0.1061946903,-0.10619469026548678,-3.4513225610766085e-11,CONSISTENT,4,"שדה נדל""ן",2024-05-03 00:00:00,31/3/2024,226,202,-0.1061946903,,,16.54,0,0,-1.034,0.1,15300000,13900000,-14400000
ספידווליו,24/08/2025,2025-08-24,OK,25/03/2026,2026-03-25,OK,auditor_switch_date,24/08/2025,2025-08-24,2025,8,OK,False,ELIGIBLE_FOR_PRICE_EXTRACTION,,,1,0,Big to Small,READY_FOR_TICKER_MAPPING,7,False,324.9,350,0.07725453986,324.9,350.0,0.07725453986,0.07725453985841813,1.5818735210615387e-12,CONSISTENT,5,ספידווליו,24/08/2025,25/03/2026,324.9,350,0.07725453986,,,18.64,1,0,0.089,1.27,124600000,51800000,4860000
הום ביוגז,17/07/2024,2024-07-17,OK,26/03/2025,2025-03-26,OK,auditor_switch_date,17/07/2024,2024-07-17,2024,7,OK,False,ELIGIBLE_FOR_PRICE_EXTRACTION,,,1,0,Big to Small,READY_FOR_TICKER_MAPPING,8,False,161.3,151.3,-0.06199628022,161.3,151.3,-0.06199628022,-0.061996280223186595,3.186596819748644e-12,CONSISTENT,6,הום ביוגז,17/07/2024,26/03/2025,161.3,151.3,-0.06199628022,,,18.09,1,0,-1.053,0.37ֿ,72100000,52900000,-55700000
טוגדר,28/07/2025,2025-07-28,OK,26/03/2026,2026-03-26,OK,auditor_switch_date,28/07/2025,2025-07-28,2025,7,OK,False,ELIGIBLE_FOR_PRICE_EXTRACTION,,,0,0,Small to Small,READY_FOR_TICKER_MAPPING,9,False,390.9,393.6,0.006907137375,390.9,393.6,0.006907137375,0.0069071373752878085,-2.8780883926105005e-13,CONSISTENT,7,טוגדר,28/07/2025,26/03/2026,390.9,393.6,0.006907137375,,,18.85,0,0,0.038,2.07,153980000,50140000,1920000
אספן גרופ,24\5\2026,2026-05-24,OK,לא פורסם עדיין,,INVALID_DATE,auditor_switch_date,24\5\2026,2026-05-24,2026,5,OK,False,ELIGIBLE_FOR_PRICE_EXTRACTION,,,0,0,Small to Small,READY_FOR_TICKER_MAPPING,10,False,726.5,738.6,0.01665519615,726.5,738.6,0.01665519615,0.01665519614590516,4.094839051171917e-12,CONSISTENT,8,אספן גרופ,24\5\2026,לא פורסם עדיין,726.5,738.6,0.01665519615,,,22.03,0,0,0.22,2.66,3685000000,1008000000,22190000
ג׳נסל בע״מ,2026-07-05 00:00:00,2026-07-05,OK,לא פורסם עדיין,,INVALID_DATE,auditor_switch_date,2026-07-05 00:00:00,2026-07-05,2026,7,OK,True,FUTURE_EVENT_DATE,,,1,0,Big to Small,READY_FOR_TICKER_MAPPING,11,False,108.7,91,-0.1628334867,108.7,91.0,-0.1628334867,-0.16283348666053366,-3.946634685725314e-11,CONSISTENT,9,ג׳נסל בע״מ,2026-07-05 00:00:00,לא פורסם עדיין,108.7,91,-0.1628334867,,,18.54,1,0,-0.273,1.11,112700000,53500000,-14600000
נופר אנרג׳י,2026-07-05 00:00:00,2026-07-05,OK,לא פורסם עדיין,,INVALID_DATE,auditor_switch_date,2026-07-05 00:00:00,2026-07-05,2026,7,OK,True,FUTURE_EVENT_DATE,,,0,0,Small to Small,READY_FOR_TICKER_MAPPING,12,False,19230,25330,0.3172126885,19230.0,25330.0,0.3172126885,0.31721268850754036,-7.540357227497907e-12,CONSISTENT,10,נופר אנרג׳י,2026-07-05 00:00:00,לא פורסם עדיין,19230,25330,0.3172126885,,,23.57,0,0,0.073,2.95,17160000000,4340000000,318000000
תמר פטרוליום,31/3/2026,2026-03-31,OK,19/3/2026,2026-03-19,OK,auditor_switch_date,31/3/2026,2026-03-31,2026,3,OK,False,ELIGIBLE_FOR_PRICE_EXTRACTION,,,0,0,Small to Small,READY_FOR_TICKER_MAPPING,13,False,3245.93,3270,0.007415440259,3245.93,3270.0,0.007415440259,0.007415440259032069,-3.2068965538645244e-14,CONSISTENT,11,תמר פטרוליום,31/3/2026,19/3/2026,3245.93,3270,0.007415440259,,,22.47,0,0,0.344,1.69,5730000000,2130000000,734000000
אוברסיז,16/2/2026,2026-02-16,OK,לא פורסם עדיין,,INVALID_DATE,auditor_switch_date,16/2/2026,2026-02-16,2026,2,OK,False,ELIGIBLE_FOR_PRICE_EXTRACTION,,,0,0,Small to Small,READY_FOR_TICKER_MAPPING,14,False,550.52,528.12,-0.04068880331,550.52,528.12,-0.04068880331,-0.0406888033132311,3.231102885248305e-12,CONSISTENT,12,אוברסיז,16/2/2026,לא פורסם עדיין,550.52,528.12,-0.04068880331,,,20.28,0,0,0.038,1.94,641900000,217900000,8300000
מנדלסון תשתיות,18/2/2026,2026-02-18,OK,19/3/2026,2026-03-19,OK,auditor_switch_date,18/2/2026,2026-02-18,2026,2,OK,False,ELIGIBLE_FOR_PRICE_EXTRACTION,,,0,0,Small to Small,READY_FOR_TICKER_MAPPING,15,False,1345.7,1344.7,-0.0007431076763,1345.7,1344.7,-0.0007431076763,-0.000743107676302257,2.257092082680323e-15,CONSISTENT,13,מנדלסון תשתיות,18/2/2026,19/3/2026,1345.7,1344.7,-0.0007431076763,,,20.71,0,0,0.11,1,984200000,495300000,54600000
"נקסט ג'ן ביומד בע""מ",18/12/2022,2022-12-18,OK,לא פורסם עדיין,,INVALID_DATE,auditor_switch_date,18/12/2022,2022-12-18,2022,12,OK,False,ELIGIBLE_FOR_PRICE_EXTRACTION,,,0,0,Small to Small,READY_FOR_TICKER_MAPPING,16,False,412.8,415.2,0.00243656481,412.8,415.2,0.00243656481,0.005813953488372103,-0.0033773886783721035,CONSISTENT,14,"נקסט ג'ן ביומד בע""מ",18/12/2022,לא פורסם עדיין,412.8,415.2,0.00243656481,,,16.98,0,0,-0.124,0.15,23600000,20600000,2550000
מנרב,30/11/2022,2022-11-30,OK,30/3/2023,2023-03-30,OK,auditor_switch_date,30/11/2022,2022-11-30,2022,11,OK,False,ELIGIBLE_FOR_PRICE_EXTRACTION,,,0,0,Small to Small,READY_FOR_TICKER_MAPPING,17,False,,,#DIV/0!,,,,,,NOT_ENOUGH_DATA,15,מנרב,30/11/2022,30/3/2023,,,#DIV/0!,,,21.71,0,0,0.123,2.49,2670000000,764400000,94200000
מיי טאון,2025-02-07 00:00:00,2025-02-07,OK,31/3/2026,2026-03-31,OK,auditor_switch_date,2025-02-07 00:00:00,2025-02-07,2025,2,OK,False,ELIGIBLE_FOR_PRICE_EXTRACTION,,,0,0,Small to Small,READY_FOR_TICKER_MAPPING,18,False,,,#DIV/0!,,,,,,NOT_ENOUGH_DATA,16,מיי טאון,2025-02-07 00:00:00,31/3/2026,,,#DIV/0!,,,19.51,0,0,-0.283,6.26,290950000,40783000,-11540000
אגוד הנפקות,30/9/2020,2020-09-30,OK,2021-02-03 00:00:00,2021-02-03,OK,auditor_switch_date,30/9/2020,2020-09-30,2020,9,OK,False,ELIGIBLE_FOR_PRICE_EXTRACTION,,,0,0,Small to Small,READY_FOR_TICKER_MAPPING,19,False,,,#DIV/0!,,,,,,NOT_ENOUGH_DATA,17,אגוד הנפקות,30/9/2020,2021-02-03 00:00:00,,,#DIV/0!,,,22.03,0,0,0.0569,114.48,3706197000,32094000,1827000
"אלקטרה נדל""ן",2020-09-09 00:00:00,2020-09-09,OK,18/03/2021,2021-03-18,OK,auditor_switch_date,2020-09-09 00:00:00,2020-09-09,2020,9,OK,False,ELIGIBLE_FOR_PRICE_EXTRACTION,,,0,0,Small to Small,READY_FOR_TICKER_MAPPING,20,False,,,#DIV/0!,,,,,,NOT_ENOUGH_DATA,18,"אלקטרה נדל""ן",2020-09-09 00:00:00,18/03/2021,,,#DIV/0!,,,20.84,0,0,0.222,1.4,1125250000,468013000,104000000
אינרום בניה,13/7/2025,2025-07-13,OK,20/03/2026,2026-03-20,OK,auditor_switch_date,13/7/2025,2025-07-13,2025,7,OK,False,ELIGIBLE_FOR_PRICE_EXTRACTION,,,0,0,Small to Small,READY_FOR_TICKER_MAPPING,21,False,,,#DIV/0!,,,,,,NOT_ENOUGH_DATA,19,אינרום בניה,13/7/2025,20/03/2026,,,#DIV/0!,,,21.49,0,0,0.162,0.63,2142645000,1311881000,212499000
"שדה נדל""ן",2020-07-09 00:00:00,2020-07-09,OK,31/03/2021,2021-03-31,OK,auditor_switch_date,2020-07-09 00:00:00,2020-07-09,2020,7,OK,False,ELIGIBLE_FOR_PRICE_EXTRACTION,,,0,1,Small to Big,READY_FOR_TICKER_MAPPING,22,False,,,#DIV/0!,,,,,,NOT_ENOUGH_DATA,20,"שדה נדל""ן",2020-07-09 00:00:00,31/03/2021,,,#DIV/0!,,,16.58,0,1,-3.032,2.56,15809000,4437000,-13451000
ברנד,28/7/2025,2025-07-28,OK,19/4/2026,2026-04-19,OK,auditor_switch_date,28/7/2025,2025-07-28,2025,7,OK,False,ELIGIBLE_FOR_PRICE_EXTRACTION,,,0,0,Small to Small,READY_FOR_TICKER_MAPPING,23,False,,,#DIV/0!,,,,,,NOT_ENOUGH_DATA,21,ברנד,28/7/2025,19/4/2026,,,#DIV/0!,,,21.87,0,0,-0.043,2.74,3154332000,842608000,-35870000
שירותי בנק אוטו,16/08/2020,2020-08-16,OK,25/03/2021,2021-03-25,OK,auditor_switch_date,16/08/2020,2020-08-16,2020,8,OK,False,ELIGIBLE_FOR_PRICE_EXTRACTION,,,1,0,Big to Small,READY_FOR_TICKER_MAPPING,24,False,,,#DIV/0!,,,,,,NOT_ENOUGH_DATA,22,שירותי בנק אוטו,16/08/2020,25/03/2021,,,#DIV/0!,,,19.38,1,0,0.115,0.14,260136000,229132000,26348000
אוטונומוס,30/07/2025,2025-07-30,OK,30/03/2026,2026-03-30,OK,auditor_switch_date,30/07/2025,2025-07-30,2025,7,OK,False,ELIGIBLE_FOR_PRICE_EXTRACTION,,,1,0,Big to Small,READY_FOR_TICKER_MAPPING,25,False,,,#DIV/0!,,,,,,NOT_ENOUGH_DATA,23,אוטונומוס,30/07/2025,30/03/2026,,,#DIV/0!,,,18.65,1,0,-16.4,1.61,125626000,48184000,-7912000
חג׳ג׳ אירופה,6.11.2025,2025-11-06,OK,20/04/2026,2026-04-20,OK,auditor_switch_date,6.11.2025,2025-11-06,2025,11,OK,False,ELIGIBLE_FOR_PRICE_EXTRACTION,,,0,1,Small to Big,READY_FOR_TICKER_MAPPING,26,False,,,,,,,,,NOT_ENOUGH_DATA,24,חג׳ג׳ אירופה,6.11.2025,20/04/2026,,,,,,21.46,0,1,0.083,2.35,2088792000,623497000,51742000
אקסיליון,2020-09-08 00:00:00,2020-09-08,OK,26/03/2021,2021-03-26,OK,auditor_switch_date,2020-09-08 00:00:00,2020-09-08,2020,9,OK,False,ELIGIBLE_FOR_PRICE_EXTRACTION,,,0,0,Small to Small,READY_FOR_TICKER_MAPPING,27,False,,,,,,,,,NOT_ENOUGH_DATA,25,אקסיליון,2020-09-08 00:00:00,26/03/2021,,,,,,17.57,0,0,-7.659,0.16,42563000,36757000,-281543000
בוני תיכון,2020-02-08 00:00:00,2020-02-08,OK,25/03/2021,2021-03-25,OK,auditor_switch_date,2020-02-08 00:00:00,2020-02-08,2020,2,OK,False,ELIGIBLE_FOR_PRICE_EXTRACTION,,,1,0,Big to Small,READY_FOR_TICKER_MAPPING,28,False,,,,,,,,,NOT_ENOUGH_DATA,26,בוני תיכון,2020-02-08 00:00:00,25/03/2021,,,,,,20.01,1,0,-0.079,3.28,492098000,114915000,-9094000
ישראל קנדה מלונות,2025-10-11 00:00:00,2025-10-11,OK,24.03.2026,2026-03-24,OK,auditor_switch_date,2025-10-11 00:00:00,2025-10-11,2025,10,OK,False,ELIGIBLE_FOR_PRICE_EXTRACTION,,,0,0,Small to Small,READY_FOR_TICKER_MAPPING,29,False,,,,,,,,,NOT_ENOUGH_DATA,27,ישראל קנדה מלונות,2025-10-11 00:00:00,24.03.2026,,,,,,21.37,0,0,0.074,3.76,1902737000,399985000,29723000
נקסטייג׳,12.11.2025,2025-11-12,OK,20.04.2026,2026-04-20,OK,auditor_switch_date,12.11.2025,2025-11-12,2025,11,OK,False,ELIGIBLE_FOR_PRICE_EXTRACTION,,,1,0,Big to Small,READY_FOR_TICKER_MAPPING,30,False,,,,,,,,,NOT_ENOUGH_DATA,28, נקסטייג׳,12.11.2025,20.04.2026,,,,,,,1,0,,,353000,-5536000,-347000
אפריקה מגורים,23/07/2020,2020-07-23,OK,17/03/2021,2021-03-17,OK,auditor_switch_date,23/07/2020,2020-07-23,2020,7,OK,False,ELIGIBLE_FOR_PRICE_EXTRACTION,,,0,0,Small to Small,READY_FOR_TICKER_MAPPING,31,False,,,,,,,,,NOT_ENOUGH_DATA,29,אפריקה מגורים,23/07/2020,17/03/2021,,,,,,,0,0,,,3673485000,1015459000,3044000
דורסל,7.1.2026,2026-01-07,OK,31.03.2026,2026-03-31,OK,auditor_switch_date,7.1.2026,2026-01-07,2026,1,OK,False,ELIGIBLE_FOR_PRICE_EXTRACTION,,,0,0,Small to Small,READY_FOR_TICKER_MAPPING,32,False,,,,,,,,,NOT_ENOUGH_DATA,30,דורסל,7.1.2026,31.03.2026,,,,,,,0,0,,,1350793000,1350793000,59368000
תמיס,12.01.2026,2026-01-12,OK,31.03.2026,2026-03-31,OK,auditor_switch_date,12.01.2026,2026-01-12,2026,1,OK,False,ELIGIBLE_FOR_PRICE_EXTRACTION,,,0,0,Small to Small,READY_FOR_TICKER_MAPPING,33,False,,,,,,,,,NOT_ENOUGH_DATA,31,תמיס,12.01.2026,31.03.2026,,,,,,,0,0,,,93069000,78682000,73734000
ישראכרט,16/07/2020,2020-07-16,OK,17.03.2021,2021-03-17,OK,auditor_switch_date,16/07/2020,2020-07-16,2020,7,OK,False,ELIGIBLE_FOR_PRICE_EXTRACTION,,,0,1,Small to Big,READY_FOR_TICKER_MAPPING,34,False,,,,,,,,,NOT_ENOUGH_DATA,32,ישראכרט,16/07/2020,17.03.2021,,,,,,,0,1,,,23215000000,2373000000,10000000
בליץ,28.01.2026,2026-01-28,OK,20.04.2026,2026-04-20,OK,auditor_switch_date,28.01.2026,2026-01-28,2026,1,OK,False,ELIGIBLE_FOR_PRICE_EXTRACTION,,,1,0,Big to Small,READY_FOR_TICKER_MAPPING,35,False,,,,,,,,,NOT_ENOUGH_DATA,33,בליץ,28.01.2026,20.04.2026,,,,,,,1,0,,,8665000,-1136000,-2878000
פסיירקס ביוטק,12.02.2026,2026-02-12,OK,25.03.2026,2026-03-25,OK,auditor_switch_date,12.02.2026,2026-02-12,2026,2,OK,False,ELIGIBLE_FOR_PRICE_EXTRACTION,,,0,0,Small to Small,READY_FOR_TICKER_MAPPING,36,False,,,,,,,,,NOT_ENOUGH_DATA,34,פסיירקס ביוטק,12.02.2026,25.03.2026,,,,,,,0,0,,,1441000,26000,2092000
מלם-תים אחזקות,8.4.2024,2024-04-08,OK,13.06.2024,2024-06-13,OK,auditor_switch_date,8.4.2024,2024-04-08,2024,4,OK,False,ELIGIBLE_FOR_PRICE_EXTRACTION,,,0,0,Small to Small,READY_FOR_TICKER_MAPPING,37,False,,,,,,,,,NOT_ENOUGH_DATA,35,מלם-תים אחזקות,8.4.2024,13.06.2024,,,,,,,0,0,,,11675434000,5398190000,552111000
מיטק,2020-10-06 00:00:00,2020-10-06,OK,22.04.2021,2021-04-22,OK,auditor_switch_date,2020-10-06 00:00:00,2020-10-06,2020,10,OK,False,ELIGIBLE_FOR_PRICE_EXTRACTION,,,0,1,Small to Big,READY_FOR_TICKER_MAPPING,38,False,,,,,,,,,NOT_ENOUGH_DATA,36,מיטק,2020-10-06 00:00:00,22.04.2021,,,,,,,0,1,,,7554000,6426000,-10836000
פרידנזון,14.05.2020,2020-05-14,OK,02.03.2021,2021-03-02,OK,auditor_switch_date,14.05.2020,2020-05-14,2020,5,OK,False,ELIGIBLE_FOR_PRICE_EXTRACTION,,,0,1,Small to Big,READY_FOR_TICKER_MAPPING,39,False,,,,,,,,,NOT_ENOUGH_DATA,37,פרידנזון,14.05.2020,02.03.2021,,,,,,,0,1,,,427830000,86152000,-923000
מטריקס,3.4.2024,2024-04-03,OK,18.03.2024,2024-03-18,OK,auditor_switch_date,3.4.2024,2024-04-03,2024,4,OK,False,ELIGIBLE_FOR_PRICE_EXTRACTION,,,1,0,Big to Small,READY_FOR_TICKER_MAPPING,40,False,,,,,,,,,NOT_ENOUGH_DATA,38,מטריקס,3.4.2024,18.03.2024,,,,,,,1,0,,,4084180000,1107472000,246855000
לאומי,24.3.2020,2020-03-24,OK,9.3.2021,2021-03-09,OK,auditor_switch_date,24.3.2020,2020-03-24,2020,3,OK,False,ELIGIBLE_FOR_PRICE_EXTRACTION,,,0,0,Small to Small,READY_FOR_TICKER_MAPPING,41,False,,,,,,,,,NOT_ENOUGH_DATA,39,לאומי,24.3.2020,9.3.2021,,,,,,,0,0,,,469134000000,35874000000,3560000000
ברק בית השקעות,17.3.2020,2020-03-17,OK,30.3.2020,2020-03-30,OK,auditor_switch_date,17.3.2020,2020-03-17,2020,3,OK,False,ELIGIBLE_FOR_PRICE_EXTRACTION,,,0,1,Small to Big,READY_FOR_TICKER_MAPPING,42,False,,,,,,,,,NOT_ENOUGH_DATA,40,ברק בית השקעות,17.3.2020,30.3.2020,,,,,,,0,1,,,16365000,10573000,-1327000
שוהם ביזנס,18.2.2024,2024-02-18,OK,27.3.2024,2024-03-27,OK,auditor_switch_date,18.2.2024,2024-02-18,2024,2,OK,False,ELIGIBLE_FOR_PRICE_EXTRACTION,,,0,0,Small to Small,READY_FOR_TICKER_MAPPING,43,False,,,,,,,,,NOT_ENOUGH_DATA,41,שוהם ביזנס,18.2.2024,27.3.2024,,,,,,,0,0,,,996752000,174641000,30645000
אימקו,17.2.2020,2020-02-17,OK,28.4.2020,2020-04-28,OK,auditor_switch_date,17.2.2020,2020-02-17,2020,2,OK,False,ELIGIBLE_FOR_PRICE_EXTRACTION,,,0,1,Small to Big,READY_FOR_TICKER_MAPPING,44,False,,,,,,,,,NOT_ENOUGH_DATA,42,אימקו,17.2.2020,28.4.2020,,,,,,,0,1,,,158862000,91207000,4028000
ווליו פ2פ,02.02.2020,2020-02-02,OK,23.3.2020,2020-03-23,OK,auditor_switch_date,02.02.2020,2020-02-02,2020,2,OK,False,ELIGIBLE_FOR_PRICE_EXTRACTION,,,0,1,Small to Big,READY_FOR_TICKER_MAPPING,45,False,,,,,,,,,NOT_ENOUGH_DATA,43,ווליו פ2פ,02.02.2020,23.3.2020,,,,,,,0,1,,,524103676,10216188,1145578
ישראייר גרופ,14.02.2024,2024-02-14,OK,31.03.2024,2024-03-31,OK,auditor_switch_date,14.02.2024,2024-02-14,2024,2,OK,False,ELIGIBLE_FOR_PRICE_EXTRACTION,,,0,1,Small to Big,READY_FOR_TICKER_MAPPING,46,False,,,,,,,,,NOT_ENOUGH_DATA,44,ישראייר גרופ,14.02.2024,31.03.2024,,,,,,,0,1,,,1142067710,98312768,78800678
תעוזה,28.1.2020,2020-01-28,OK,29.3.2020,2020-03-29,OK,auditor_switch_date,28.1.2020,2020-01-28,2020,1,OK,False,ELIGIBLE_FOR_PRICE_EXTRACTION,,,0,0,Small to Small,READY_FOR_TICKER_MAPPING,47,False,,,,,,,,,NOT_ENOUGH_DATA,45,תעוזה,28.1.2020,29.3.2020,,,,,,,0,0,,,89706296,83209044,-4949608
א. לוי השקעות,29.11.2019,2019-11-29,OK,31.3.2020,2020-03-31,OK,auditor_switch_date,29.11.2019,2019-11-29,2019,11,OK,False,ELIGIBLE_FOR_PRICE_EXTRACTION,,,1,0,Big to Small,READY_FOR_TICKER_MAPPING,48,False,,,,,,,,,NOT_ENOUGH_DATA,46,א. לוי השקעות,29.11.2019,31.3.2020,,,,,,,1,0,,,,,
ביולייט,10.11.2019,2019-11-10,OK,30.3.2020,2020-03-30,OK,auditor_switch_date,10.11.2019,2019-11-10,2019,11,OK,False,ELIGIBLE_FOR_PRICE_EXTRACTION,,,1,0,Big to Small,READY_FOR_TICKER_MAPPING,49,False,,,,,,,,,NOT_ENOUGH_DATA,47,ביולייט,10.11.2019,30.3.2020,,,,,,,1,0,,,83057000,72027000,-9034000
איי ארגנטו,11.02.2024,2024-02-11,OK,7.4.2024,2024-04-07,OK,auditor_switch_date,11.02.2024,2024-02-11,2024,2,OK,False,ELIGIBLE_FOR_PRICE_EXTRACTION,,,0,1,Small to Big,READY_FOR_TICKER_MAPPING,50,False,,,,,,,,,NOT_ENOUGH_DATA,48,איי ארגנטו,11.02.2024,7.4.2024,,,,,,,0,1,,,47922000,47504000,878000
אפי נכסים,25.9.2019,2019-09-25,OK,19.3.2020,2020-03-19,OK,auditor_switch_date,25.9.2019,2019-09-25,2019,9,OK,False,ELIGIBLE_FOR_PRICE_EXTRACTION,,,0,0,Small to Small,READY_FOR_TICKER_MAPPING,51,False,,,,,,,,,NOT_ENOUGH_DATA,49,אפי נכסים,25.9.2019,19.3.2020,,,,,,,0,0,,,10323370000,3470947000,64389000
לפידות,9.1.2024,2024-01-09,OK,27.02.2024,2024-02-27,OK,auditor_switch_date,9.1.2024,2024-01-09,2024,1,OK,False,ELIGIBLE_FOR_PRICE_EXTRACTION,,,0,0,Small to Small,READY_FOR_TICKER_MAPPING,52,False,,,,,,,,,NOT_ENOUGH_DATA,50,לפידות,9.1.2024,27.02.2024,,,,,,,0,0,,,119515000,122577000,120000
